日期,班次,周次,星期,产线编码,产线名称,产品编码,产品名称,班组编码,班组名称,标准产能,班次计划量,累计完成量,产能利用率,是否换产,状态
2025-10-09,早班,2,Thursday,030201,包装1号线,MT0010010082,飞天53%vol 500ml贵州茅台酒（带杯）（1×6）,pack01,包装1班,34000,34000,34000,100.00%,否,正常生产
2025-10-09,早班,2,Thursday,030201,包装1号线,MT0010010082,飞天53%vol 500ml贵州茅台酒（带杯）（1×6）,pack02,包装2班,34000,34000,68000,100.00%,否,正常生产
2025-10-09,早班,2,Thursday,030205,包装5S线,MT0010010082,飞天53%vol 500ml贵州茅台酒（带杯）（1×6）,pack05,包装5班,55000,55000,123000,100.00%,否,正常生产
2025-10-09,早班,2,Thursday,030205,包装5S线,MT0010010082,飞天53%vol 500ml贵州茅台酒（带杯）（1×6）,pack11,包装11班,55000,55000,178000,100.00%,否,正常生产
2025-10-09,早班,2,Thursday,030206,包装6号线,MT0010010778,飞天53%vol 500ml贵州茅台酒（带杯）（1×4）,pack06,包装6班,26000,26000,26000,100.00%,否,正常生产
2025-10-09,早班,2,Thursday,030206,包装6号线,MT0010010778,飞天53%vol 500ml贵州茅台酒（带杯）（1×4）,pack13,包装13班,26000,26000,52000,100.00%,否,正常生产
2025-10-09,早班,2,Thursday,030203,包装3号线,MT0010010778,飞天53%vol 500ml贵州茅台酒（带杯）（1×4）,pack17,包装17班,26000,26000,78000,100.00%,否,正常生产
2025-10-09,早班,2,Thursday,030204,包装4号线,MT0010010050,飞天53%vol 1L贵州茅台酒（1×6）,pack15,包装15班,15000,15000,15000,100.00%,否,正常生产
2025-10-09,早班,2,Thursday,030207,包装7号线,MT0010010778,飞天53%vol 500ml贵州茅台酒（带杯）（1×4）,pack17,包装17班,26000,26000,104000,100.00%,否,正常生产
2025-10-09,早班,2,Thursday,030211,包装11号线,MT0010010274,53%vol 50ml×5贵州茅台酒（金色）（1×12）,pack17,包装17班,30040,30040,30040,100.00%,否,正常生产
2025-10-09,早班,2,Thursday,030208,包装8号线,MT0010010664,53%vol 500ml贵州茅台酒（书画家）（1×6×6）,pack09,包装9班,10800,10800,10800,100.00%,否,正常生产
2025-10-09,早班,2,Thursday,030208,包装8号线,MT0010010664,53%vol 500ml贵州茅台酒（书画家）（1×6×6）,pack08,包装8班,10800,10800,21600,100.00%,否,正常生产
2025-10-09,早班,2,Thursday,030209,包装9号线,MT0010010082,飞天53%vol 500ml贵州茅台酒（带杯）（1×6）,pack19,包装19班,28000,28000,206000,100.00%,否,正常生产
2025-10-09,早班,2,Thursday,030209,包装9号线,MT0010010082,飞天53%vol 500ml贵州茅台酒（带杯）（1×6）,pack18,包装18班,28000,28000,234000,100.00%,否,正常生产
2025-10-09,早班,2,Thursday,030213,包装13号线,MT0020010004,53%vol 500ml贵州茅台酒（精品）（1×6）,pack16,包装16班,18000,18000,18000,100.00%,否,正常生产
2025-10-09,早班,2,Thursday,030213,包装13号线,MT0020010004,53%vol 500ml贵州茅台酒（精品）（1×6）,pack12,包装12班,18000,18000,36000,100.00%,否,正常生产
2025-10-09,中班,2,Thursday,030201,包装1号线,MT0010010082,飞天53%vol 500ml贵州茅台酒（带杯）（1×6）,pack10,包装10班,34000,34000,268000,100.00%,否,正常生产
2025-10-09,中班,2,Thursday,030201,包装1号线,MT0010010082,飞天53%vol 500ml贵州茅台酒（带杯）（1×6）,pack14,包装14班,34000,34000,302000,100.00%,否,正常生产
2025-10-09,中班,2,Thursday,030203,包装3号线,MT0010010778,飞天53%vol 500ml贵州茅台酒（带杯）（1×4）,pack07,包装7班,26000,26000,130000,100.00%,否,正常生产
2025-10-09,中班,2,Thursday,030204,包装4号线,MT0010010050,飞天53%vol 1L贵州茅台酒（1×6）,pack07,包装7班,15000,15000,30000,100.00%,否,正常生产
2025-10-09,中班,2,Thursday,030207,包装7号线,MT0010010778,飞天53%vol 500ml贵州茅台酒（带杯）（1×4）,pack07,包装7班,26000,26000,156000,100.00%,否,正常生产
2025-10-09,中班,2,Thursday,030211,包装11号线,MT0010010274,53%vol 50ml×5贵州茅台酒（金色）（1×12）,pack07,包装7班,30040,30040,60080,100.00%,否,正常生产
2025-10-10,早班,2,Friday,030201,包装1号线,MT0010010082,飞天53%vol 500ml贵州茅台酒（带杯）（1×6）,pack01,包装1班,34000,34000,336000,100.00%,否,正常生产
2025-10-10,早班,2,Friday,030201,包装1号线,MT0010010082,飞天53%vol 500ml贵州茅台酒（带杯）（1×6）,pack02,包装2班,34000,34000,370000,100.00%,否,正常生产
2025-10-10,早班,2,Friday,030205,包装5S线,MT0010010082,飞天53%vol 500ml贵州茅台酒（带杯）（1×6）,pack05,包装5班,55000,55000,425000,100.00%,否,正常生产
2025-10-10,早班,2,Friday,030205,包装5S线,MT0010010082,飞天53%vol 500ml贵州茅台酒（带杯）（1×6）,pack11,包装11班,55000,55000,480000,100.00%,否,正常生产
2025-10-10,早班,2,Friday,030206,包装6号线,MT0010010778,飞天53%vol 500ml贵州茅台酒（带杯）（1×4）,pack06,包装6班,26000,26000,182000,100.00%,否,正常生产
2025-10-10,早班,2,Friday,030206,包装6号线,MT0010010778,飞天53%vol 500ml贵州茅台酒（带杯）（1×4）,pack13,包装13班,26000,26000,208000,100.00%,否,正常生产
2025-10-10,早班,2,Friday,030203,包装3号线,MT0010010778,飞天53%vol 500ml贵州茅台酒（带杯）（1×4）,pack17,包装17班,26000,26000,234000,100.00%,否,正常生产
2025-10-10,早班,2,Friday,030204,包装4号线,MT0010010050,飞天53%vol 1L贵州茅台酒（1×6）,pack15,包装15班,15000,15000,45000,100.00%,否,正常生产
2025-10-10,早班,2,Friday,030207,包装7号线,MT0010010778,飞天53%vol 500ml贵州茅台酒（带杯）（1×4）,pack17,包装17班,26000,26000,260000,100.00%,否,正常生产
2025-10-10,早班,2,Friday,030211,包装11号线,MT0010010274,53%vol 50ml×5贵州茅台酒（金色）（1×12）,pack17,包装17班,30040,30040,90120,100.00%,否,正常生产
2025-10-10,早班,2,Friday,030208,包装8号线,MT0010010664,53%vol 500ml贵州茅台酒（书画家）（1×6×6）,pack09,包装9班,10800,10469,29098,96.94%,是,换产
2025-10-10,早班,2,Friday,030208,包装8号线,MT0010010026,53%vol 500ml贵州茅台酒（金奖纪念）（1×6）,pack08,包装8班,4248,4248,4248,100.00%,否,正常生产
2025-10-10,早班,2,Friday,030209,包装9号线,MT0010010082,飞天53%vol 500ml贵州茅台酒（带杯）（1×6）,pack19,包装19班,28000,28000,510971,100.00%,否,正常生产
2025-10-10,早班,2,Friday,030209,包装9号线,MT0010010082,飞天53%vol 500ml贵州茅台酒（带杯）（1×6）,pack18,包装18班,28000,28000,538971,100.00%,否,正常生产
2025-10-10,早班,2,Friday,030213,包装13号线,MT0020010004,53%vol 500ml贵州茅台酒（精品）（1×6）,pack16,包装16班,18000,18000,54000,100.00%,否,正常生产
2025-10-10,早班,2,Friday,030213,包装13号线,MT0020010004,53%vol 500ml贵州茅台酒（精品）（1×6）,pack12,包装12班,18000,18000,72000,100.00%,否,正常生产
2025-10-10,中班,2,Friday,030201,包装1号线,MT0010010082,飞天53%vol 500ml贵州茅台酒（带杯）（1×6）,pack10,包装10班,34000,34000,572971,100.00%,否,正常生产
2025-10-10,中班,2,Friday,030201,包装1号线,MT0010010082,飞天53%vol 500ml贵州茅台酒（带杯）（1×6）,pack14,包装14班,34000,34000,606971,100.00%,否,正常生产
2025-10-10,中班,2,Friday,030203,包装3号线,MT0010010778,飞天53%vol 500ml贵州茅台酒（带杯）（1×4）,pack07,包装7班,26000,26000,286000,100.00%,否,正常生产
2025-10-10,中班,2,Friday,030204,包装4号线,MT0010010050,飞天53%vol 1L贵州茅台酒（1×6）,pack07,包装7班,15000,15000,60000,100.00%,否,正常生产
2025-10-10,中班,2,Friday,030207,包装7号线,MT0010010778,飞天53%vol 500ml贵州茅台酒（带杯）（1×4）,pack07,包装7班,26000,26000,312000,100.00%,否,正常生产
2025-10-10,中班,2,Friday,030211,包装11号线,MT0010010274,53%vol 50ml×5贵州茅台酒（金色）（1×12）,pack07,包装7班,30040,30040,120160,100.00%,否,正常生产
2025-10-11,早班,2,Saturday,030201,包装1号线,MT0010010082,飞天53%vol 500ml贵州茅台酒（带杯）（1×6）,pack01,包装1班,34000,34000,640971,100.00%,否,正常生产
2025-10-11,早班,2,Saturday,030201,包装1号线,MT0010010082,飞天53%vol 500ml贵州茅台酒（带杯）（1×6）,pack02,包装2班,34000,34000,674971,100.00%,否,正常生产
2025-10-11,早班,2,Saturday,030205,包装5S线,MT0010010082,飞天53%vol 500ml贵州茅台酒（带杯）（1×6）,pack05,包装5班,55000,55000,729971,100.00%,否,正常生产
2025-10-11,早班,2,Saturday,030205,包装5S线,MT0010010082,飞天53%vol 500ml贵州茅台酒（带杯）（1×6）,pack11,包装11班,55000,55000,784971,100.00%,否,正常生产
2025-10-11,早班,2,Saturday,030206,包装6号线,MT0010010778,飞天53%vol 500ml贵州茅台酒（带杯）（1×4）,pack06,包装6班,26000,26000,338000,100.00%,否,正常生产
2025-10-11,早班,2,Saturday,030206,包装6号线,MT0010010778,飞天53%vol 500ml贵州茅台酒（带杯）（1×4）,pack13,包装13班,26000,26000,364000,100.00%,否,正常生产
2025-10-11,早班,2,Saturday,030203,包装3号线,MT0010010778,飞天53%vol 500ml贵州茅台酒（带杯）（1×4）,pack17,包装17班,26000,26000,390000,100.00%,否,正常生产
2025-10-11,早班,2,Saturday,030204,包装4号线,MT0010010050,飞天53%vol 1L贵州茅台酒（1×6）,pack15,包装15班,15000,15000,75000,100.00%,否,正常生产
2025-10-11,早班,2,Saturday,030207,包装7号线,MT0010010778,飞天53%vol 500ml贵州茅台酒（带杯）（1×4）,pack17,包装17班,26000,26000,416000,100.00%,否,正常生产
2025-10-11,早班,2,Saturday,030211,包装11号线,MT0010010274,53%vol 50ml×5贵州茅台酒（金色）（1×12）,pack17,包装17班,30040,30040,150200,100.00%,否,正常生产
2025-10-11,早班,2,Saturday,030208,包装8号线,MT0010010026,53%vol 500ml贵州茅台酒（金奖纪念）（1×6）,pack09,包装9班,4248,4248,8496,100.00%,否,正常生产
2025-10-11,早班,2,Saturday,030208,包装8号线,MT0010010026,53%vol 500ml贵州茅台酒（金奖纪念）（1×6）,pack08,包装8班,4248,4248,12744,100.00%,否,正常生产
2025-10-11,早班,2,Saturday,030209,包装9号线,MT0010010082,飞天53%vol 500ml贵州茅台酒（带杯）（1×6）,pack19,包装19班,28000,28000,812971,100.00%,否,正常生产
2025-10-11,早班,2,Saturday,030209,包装9号线,MT0010010082,飞天53%vol 500ml贵州茅台酒（带杯）（1×6）,pack18,包装18班,28000,28000,840971,100.00%,否,正常生产
2025-10-11,早班,2,Saturday,030213,包装13号线,MT0020010004,53%vol 500ml贵州茅台酒（精品）（1×6）,pack16,包装16班,18000,18000,90000,100.00%,否,正常生产
2025-10-11,早班,2,Saturday,030213,包装13号线,MT0020010004,53%vol 500ml贵州茅台酒（精品）（1×6）,pack12,包装12班,18000,18000,108000,100.00%,否,正常生产
2025-10-11,中班,2,Saturday,030201,包装1号线,MT0010010082,飞天53%vol 500ml贵州茅台酒（带杯）（1×6）,pack10,包装10班,34000,34000,874971,100.00%,否,正常生产
2025-10-11,中班,2,Saturday,030201,包装1号线,MT0010010082,飞天53%vol 500ml贵州茅台酒（带杯）（1×6）,pack14,包装14班,34000,34000,908971,100.00%,否,正常生产
2025-10-11,中班,2,Saturday,030203,包装3号线,MT0010010778,飞天53%vol 500ml贵州茅台酒（带杯）（1×4）,pack07,包装7班,26000,26000,442000,100.00%,否,正常生产
2025-10-11,中班,2,Saturday,030204,包装4号线,MT0010010050,飞天53%vol 1L贵州茅台酒（1×6）,pack07,包装7班,15000,15000,90000,100.00%,否,正常生产
2025-10-11,中班,2,Saturday,030207,包装7号线,MT0010010778,飞天53%vol 500ml贵州茅台酒（带杯）（1×4）,pack07,包装7班,26000,26000,468000,100.00%,否,正常生产
2025-10-11,中班,2,Saturday,030211,包装11号线,MT0010010274,53%vol 50ml×5贵州茅台酒（金色）（1×12）,pack07,包装7班,30040,30040,180240,100.00%,否,正常生产
2025-10-13,早班,3,Monday,030201,包装1号线,MT0010010082,飞天53%vol 500ml贵州茅台酒（带杯）（1×6）,pack01,包装1班,34000,34000,942971,100.00%,否,正常生产
2025-10-13,早班,3,Monday,030201,包装1号线,MT0010010082,飞天53%vol 500ml贵州茅台酒（带杯）（1×6）,pack02,包装2班,34000,34000,976971,100.00%,否,正常生产
2025-10-13,早班,3,Monday,030205,包装5S线,MT0010010082,飞天53%vol 500ml贵州茅台酒（带杯）（1×6）,pack05,包装5班,55000,55000,1031971,100.00%,否,正常生产
2025-10-13,早班,3,Monday,030205,包装5S线,MT0010010082,飞天53%vol 500ml贵州茅台酒（带杯）（1×6）,pack11,包装11班,55000,55000,1086971,100.00%,否,正常生产
2025-10-13,早班,3,Monday,030206,包装6号线,MT0010010778,飞天53%vol 500ml贵州茅台酒（带杯）（1×4）,pack06,包装6班,26000,26000,494000,100.00%,否,正常生产
2025-10-13,早班,3,Monday,030206,包装6号线,MT0010010778,飞天53%vol 500ml贵州茅台酒（带杯）（1×4）,pack13,包装13班,26000,26000,520000,100.00%,否,正常生产
2025-10-13,早班,3,Monday,030203,包装3号线,MT0010010778,飞天53%vol 500ml贵州茅台酒（带杯）（1×4）,pack17,包装17班,26000,26000,546000,100.00%,否,正常生产
2025-10-13,早班,3,Monday,030204,包装4号线,MT0010010050,飞天53%vol 1L贵州茅台酒（1×6）,pack15,包装15班,15000,15000,105000,100.00%,否,正常生产
2025-10-13,早班,3,Monday,030207,包装7号线,MT0010010778,飞天53%vol 500ml贵州茅台酒（带杯）（1×4）,pack17,包装17班,26000,26000,572000,100.00%,否,正常生产
2025-10-13,早班,3,Monday,030211,包装11号线,MT0010010274,53%vol 50ml×5贵州茅台酒（金色）（1×12）,pack17,包装17班,30040,30036,210276,99.99%,否,正常生产
2025-10-13,早班,3,Monday,030208,包装8号线,MT0010010026,53%vol 500ml贵州茅台酒（金奖纪念）（1×6）,pack09,包装9班,4248,4248,16992,100.00%,否,正常生产
2025-10-13,早班,3,Monday,030208,包装8号线,MT0010010231,53%vol 500ml贵州茅台酒（金昭玉粹·黄）（1×6）,pack08,包装8班,11046,11044,11044,99.98%,否,正常生产
2025-10-13,早班,3,Monday,030209,包装9号线,MT0010010082,飞天53%vol 500ml贵州茅台酒（带杯）（1×6）,pack19,包装19班,28000,28000,1114971,100.00%,否,正常生产
2025-10-13,早班,3,Monday,030209,包装9号线,MT0010010082,飞天53%vol 500ml贵州茅台酒（带杯）（1×6）,pack18,包装18班,28000,28000,1142971,100.00%,否,正常生产
2025-10-13,早班,3,Monday,030213,包装13号线,MT0020010004,53%vol 500ml贵州茅台酒（精品）（1×6）,pack16,包装16班,18000,18000,126000,100.00%,否,正常生产
2025-10-13,早班,3,Monday,030213,包装13号线,MT0020010004,53%vol 500ml贵州茅台酒（精品）（1×6）,pack12,包装12班,18000,18000,144000,100.00%,否,正常生产
2025-10-13,中班,3,Monday,030201,包装1号线,MT0010010082,飞天53%vol 500ml贵州茅台酒（带杯）（1×6）,pack10,包装10班,34000,34000,1176971,100.00%,否,正常生产
2025-10-13,中班,3,Monday,030201,包装1号线,MT0010010082,飞天53%vol 500ml贵州茅台酒（带杯）（1×6）,pack14,包装14班,34000,34000,1210971,100.00%,否,正常生产
2025-10-13,中班,3,Monday,030203,包装3号线,MT0010010778,飞天53%vol 500ml贵州茅台酒（带杯）（1×4）,pack07,包装7班,26000,26000,598000,100.00%,否,正常生产
2025-10-13,中班,3,Monday,030204,包装4号线,MT0010010050,飞天53%vol 1L贵州茅台酒（1×6）,pack07,包装7班,15000,15000,120000,100.00%,否,正常生产
2025-10-13,中班,3,Monday,030207,包装7号线,MT0010010778,飞天53%vol 500ml贵州茅台酒（带杯）（1×4）,pack07,包装7班,26000,26000,624000,100.00%,否,正常生产
2025-10-13,中班,3,Monday,030211,包装11号线,MT0010010050,飞天53%vol 1L贵州茅台酒（1×6）,pack07,包装7班,13000,13000,133000,100.00%,否,正常生产
2025-10-14,早班,3,Tuesday,030201,包装1号线,MT0010010082,飞天53%vol 500ml贵州茅台酒（带杯）（1×6）,pack01,包装1班,34000,34000,1244971,100.00%,否,正常生产
2025-10-14,早班,3,Tuesday,030201,包装1号线,MT0010010082,飞天53%vol 500ml贵州茅台酒（带杯）（1×6）,pack02,包装2班,34000,34000,1278971,100.00%,否,正常生产
2025-10-14,早班,3,Tuesday,030205,包装5S线,MT0010010082,飞天53%vol 500ml贵州茅台酒（带杯）（1×6）,pack05,包装5班,55000,55000,1333971,100.00%,否,正常生产
2025-10-14,早班,3,Tuesday,030205,包装5S线,MT0010010082,飞天53%vol 500ml贵州茅台酒（带杯）（1×6）,pack11,包装11班,55000,55000,1388971,100.00%,否,正常生产
2025-10-14,早班,3,Tuesday,030206,包装6号线,MT0010010778,飞天53%vol 500ml贵州茅台酒（带杯）（1×4）,pack06,包装6班,26000,26000,650000,100.00%,否,正常生产
2025-10-14,早班,3,Tuesday,030206,包装6号线,MT0010010778,飞天53%vol 500ml贵州茅台酒（带杯）（1×4）,pack13,包装13班,26000,26000,676000,100.00%,否,正常生产
2025-10-14,早班,3,Tuesday,030203,包装3号线,MT0010010778,飞天53%vol 500ml贵州茅台酒（带杯）（1×4）,pack17,包装17班,26000,26000,702000,100.00%,否,正常生产
2025-10-14,早班,3,Tuesday,030204,包装4号线,MT0010010050,飞天53%vol 1L贵州茅台酒（1×6）,pack15,包装15班,15000,15000,148000,100.00%,否,正常生产
2025-10-14,早班,3,Tuesday,030207,包装7号线,MT0010010778,飞天53%vol 500ml贵州茅台酒（带杯）（1×4）,pack17,包装17班,26000,26000,728000,100.00%,否,正常生产
2025-10-14,早班,3,Tuesday,030211,包装11号线,MT0010010050,飞天53%vol 1L贵州茅台酒（1×6）,pack17,包装17班,13000,9600,157600,73.85%,否,正常生产
2025-10-14,早班,3,Tuesday,030208,包装8号线,MT0010010130,53%vol 500ml贵州茅台酒（月白风清·白）（1×6）,pack09,包装9班,10980,10980,10980,100.00%,否,正常生产
2025-10-14,早班,3,Tuesday,030208,包装8号线,MT0040020013,53%vol 500ml陈年贵州茅台酒（30）（1×6）,pack08,包装8班,13000,12239,5394,94.15%,是,换产
2025-10-14,早班,3,Tuesday,030209,包装9号线,MT0010010082,飞天53%vol 500ml贵州茅台酒（带杯）（1×6）,pack19,包装19班,28000,28000,1423816,100.00%,否,正常生产
2025-10-14,早班,3,Tuesday,030209,包装9号线,MT0010010082,飞天53%vol 500ml贵州茅台酒（带杯）（1×6）,pack18,包装18班,28000,28000,1451816,100.00%,否,正常生产
2025-10-14,早班,3,Tuesday,030213,包装13号线,MT0020010004,53%vol 500ml贵州茅台酒（精品）（1×6）,pack16,包装16班,18000,18000,162000,100.00%,否,正常生产
2025-10-14,早班,3,Tuesday,030213,包装13号线,MT0020010004,53%vol 500ml贵州茅台酒（精品）（1×6）,pack12,包装12班,18000,18000,180000,100.00%,否,正常生产
2025-10-14,中班,3,Tuesday,030201,包装1号线,MT0010010082,飞天53%vol 500ml贵州茅台酒（带杯）（1×6）,pack10,包装10班,34000,34000,1485816,100.00%,否,正常生产
2025-10-14,中班,3,Tuesday,030201,包装1号线,MT0010010082,飞天53%vol 500ml贵州茅台酒（带杯）（1×6）,pack14,包装14班,34000,34000,1519816,100.00%,否,正常生产
2025-10-14,中班,3,Tuesday,030203,包装3号线,MT0010010778,飞天53%vol 500ml贵州茅台酒（带杯）（1×4）,pack07,包装7班,26000,26000,754000,100.00%,否,正常生产
2025-10-14,中班,3,Tuesday,030204,包装4号线,MT0010010789,53%vol 750ml贵州茅台酒（硬盒）（1×6）,pack07,包装7班,14000,14000,14000,100.00%,否,正常生产
2025-10-14,中班,3,Tuesday,030207,包装7号线,MT0010010778,飞天53%vol 500ml贵州茅台酒（带杯）（1×4）,pack07,包装7班,26000,26000,780000,100.00%,否,正常生产
2025-10-15,早班,3,Wednesday,030201,包装1号线,MT0010010082,飞天53%vol 500ml贵州茅台酒（带杯）（1×6）,pack01,包装1班,34000,34000,1553816,100.00%,否,正常生产
2025-10-15,早班,3,Wednesday,030201,包装1号线,MT0010010082,飞天53%vol 500ml贵州茅台酒（带杯）（1×6）,pack02,包装2班,34000,34000,1587816,100.00%,否,正常生产
2025-10-15,早班,3,Wednesday,030205,包装5S线,MT0010010082,飞天53%vol 500ml贵州茅台酒（带杯）（1×6）,pack05,包装5班,55000,55000,1642816,100.00%,否,正常生产
2025-10-15,早班,3,Wednesday,030205,包装5S线,MT0010010082,飞天53%vol 500ml贵州茅台酒（带杯）（1×6）,pack11,包装11班,55000,55000,1697816,100.00%,否,正常生产
2025-10-15,早班,3,Wednesday,030206,包装6号线,MT0010010778,飞天53%vol 500ml贵州茅台酒（带杯）（1×4）,pack06,包装6班,26000,26000,806000,100.00%,否,正常生产
2025-10-15,早班,3,Wednesday,030206,包装6号线,MT0010010778,飞天53%vol 500ml贵州茅台酒（带杯）（1×4）,pack13,包装13班,26000,26000,832000,100.00%,否,正常生产
2025-10-15,早班,3,Wednesday,030203,包装3号线,MT0010010778,飞天53%vol 500ml贵州茅台酒（带杯）（1×4）,pack17,包装17班,26000,26000,858000,100.00%,否,正常生产
2025-10-15,早班,3,Wednesday,030204,包装4号线,MT0010010789,53%vol 750ml贵州茅台酒（硬盒）（1×6）,pack15,包装15班,14000,14000,28000,100.00%,否,正常生产
2025-10-15,早班,3,Wednesday,030207,包装7号线,MT0010010778,飞天53%vol 500ml贵州茅台酒（带杯）（1×4）,pack17,包装17班,26000,26000,884000,100.00%,否,正常生产
2025-10-15,早班,3,Wednesday,030208,包装8号线,MT0010010750,53%vol 500ml贵州茅台酒（醒狮戏珠）（1×6）,pack09,包装9班,15000,13593,934,90.62%,是,换产
2025-10-15,早班,3,Wednesday,030208,包装8号线,MT0010010192,53%vol 500ml贵州茅台酒（金）,pack08,包装8班,16000,14472,722,90.45%,是,换产
2025-10-15,早班,3,Wednesday,030209,包装9号线,MT0010010082,飞天53%vol 500ml贵州茅台酒（带杯）（1×6）,pack19,包装19班,28000,28000,1752225,100.00%,否,正常生产
2025-10-15,早班,3,Wednesday,030209,包装9号线,MT0010010082,飞天53%vol 500ml贵州茅台酒（带杯）（1×6）,pack18,包装18班,28000,28000,1780225,100.00%,否,正常生产
2025-10-15,早班,3,Wednesday,030213,包装13号线,MT0020010004,53%vol 500ml贵州茅台酒（精品）（1×6）,pack16,包装16班,18000,18000,198000,100.00%,否,正常生产
2025-10-15,早班,3,Wednesday,030213,包装13号线,MT0020010004,53%vol 500ml贵州茅台酒（精品）（1×6）,pack12,包装12班,18000,18000,216000,100.00%,否,正常生产
2025-10-15,中班,3,Wednesday,030201,包装1号线,MT0010010082,飞天53%vol 500ml贵州茅台酒（带杯）（1×6）,pack10,包装10班,34000,34000,1814225,100.00%,否,正常生产
2025-10-15,中班,3,Wednesday,030201,包装1号线,MT0010010082,飞天53%vol 500ml贵州茅台酒（带杯）（1×6）,pack14,包装14班,34000,34000,1848225,100.00%,否,正常生产
2025-10-15,中班,3,Wednesday,030203,包装3号线,MT0010010778,飞天53%vol 500ml贵州茅台酒（带杯）（1×4）,pack07,包装7班,26000,26000,910000,100.00%,否,正常生产
2025-10-15,中班,3,Wednesday,030204,包装4号线,MT0010010789,53%vol 750ml贵州茅台酒（硬盒）（1×6）,pack07,包装7班,14000,14000,42000,100.00%,否,正常生产
2025-10-15,中班,3,Wednesday,030207,包装7号线,MT0010010778,飞天53%vol 500ml贵州茅台酒（带杯）（1×4）,pack07,包装7班,26000,26000,936000,100.00%,否,正常生产
2025-10-16,早班,3,Thursday,030201,包装1号线,MT0010010082,飞天53%vol 500ml贵州茅台酒（带杯）（1×6）,pack01,包装1班,34000,34000,1882225,100.00%,否,正常生产
2025-10-16,早班,3,Thursday,030201,包装1号线,MT0010010082,飞天53%vol 500ml贵州茅台酒（带杯）（1×6）,pack02,包装2班,34000,34000,1916225,100.00%,否,正常生产
2025-10-16,早班,3,Thursday,030205,包装5S线,MT0010010082,飞天53%vol 500ml贵州茅台酒（带杯）（1×6）,pack05,包装5班,55000,55000,1971225,100.00%,否,正常生产
2025-10-16,早班,3,Thursday,030205,包装5S线,MT0010010082,飞天53%vol 500ml贵州茅台酒（带杯）（1×6）,pack11,包装11班,55000,55000,2026225,100.00%,否,正常生产
2025-10-16,早班,3,Thursday,030206,包装6号线,MT0010010778,飞天53%vol 500ml贵州茅台酒（带杯）（1×4）,pack06,包装6班,26000,26000,962000,100.00%,否,正常生产
2025-10-16,早班,3,Thursday,030206,包装6号线,MT0010010778,飞天53%vol 500ml贵州茅台酒（带杯）（1×4）,pack13,包装13班,26000,26000,988000,100.00%,否,正常生产
2025-10-16,早班,3,Thursday,030203,包装3号线,MT0010010778,飞天53%vol 500ml贵州茅台酒（带杯）（1×4）,pack17,包装17班,26000,26000,1014000,100.00%,否,正常生产
2025-10-16,早班,3,Thursday,030204,包装4号线,MT0010010789,53%vol 750ml贵州茅台酒（硬盒）（1×6）,pack15,包装15班,14000,14000,56000,100.00%,否,正常生产
2025-10-16,早班,3,Thursday,030207,包装7号线,MT0010010778,飞天53%vol 500ml贵州茅台酒（带杯）（1×4）,pack17,包装17班,26000,26000,1040000,100.00%,否,正常生产
2025-10-16,早班,3,Thursday,030208,包装8号线,MT0010010082,飞天53%vol 500ml贵州茅台酒（带杯）（1×6）,pack09,包装9班,28000,28000,2054225,100.00%,否,正常生产
2025-10-16,早班,3,Thursday,030208,包装8号线,MT0010010082,飞天53%vol 500ml贵州茅台酒（带杯）（1×6）,pack08,包装8班,28000,28000,2082225,100.00%,否,正常生产
2025-10-16,早班,3,Thursday,030209,包装9号线,MT0010010082,飞天53%vol 500ml贵州茅台酒（带杯）（1×6）,pack19,包装19班,28000,28000,2110225,100.00%,否,正常生产
2025-10-16,早班,3,Thursday,030209,包装9号线,MT0010010082,飞天53%vol 500ml贵州茅台酒（带杯）（1×6）,pack18,包装18班,28000,28000,2138225,100.00%,否,正常生产
2025-10-16,早班,3,Thursday,030213,包装13号线,MT0020010004,53%vol 500ml贵州茅台酒（精品）（1×6）,pack16,包装16班,18000,18000,234000,100.00%,否,正常生产
2025-10-16,早班,3,Thursday,030213,包装13号线,MT0020010004,53%vol 500ml贵州茅台酒（精品）（1×6）,pack12,包装12班,18000,18000,252000,100.00%,否,正常生产
2025-10-16,中班,3,Thursday,030201,包装1号线,MT0010010082,飞天53%vol 500ml贵州茅台酒（带杯）（1×6）,pack10,包装10班,34000,34000,2172225,100.00%,否,正常生产
2025-10-16,中班,3,Thursday,030201,包装1号线,MT0010010082,飞天53%vol 500ml贵州茅台酒（带杯）（1×6）,pack14,包装14班,34000,34000,2206225,100.00%,否,正常生产
2025-10-16,中班,3,Thursday,030203,包装3号线,MT0010010778,飞天53%vol 500ml贵州茅台酒（带杯）（1×4）,pack07,包装7班,26000,26000,1066000,100.00%,否,正常生产
2025-10-16,中班,3,Thursday,030204,包装4号线,MT0010010789,53%vol 750ml贵州茅台酒（硬盒）（1×6）,pack07,包装7班,14000,14000,70000,100.00%,否,正常生产
2025-10-16,中班,3,Thursday,030207,包装7号线,MT0010020003,五星53%vol 500ml贵州茅台酒（1×6）,pack07,包装7班,35000,35000,35000,100.00%,否,正常生产
2025-10-17,早班,3,Friday,030201,包装1号线,MT0010010082,飞天53%vol 500ml贵州茅台酒（带杯）（1×6）,pack01,包装1班,34000,34000,2240225,100.00%,否,正常生产
2025-10-17,早班,3,Friday,030201,包装1号线,MT0010010082,飞天53%vol 500ml贵州茅台酒（带杯）（1×6）,pack02,包装2班,34000,34000,2274225,100.00%,否,正常生产
2025-10-17,早班,3,Friday,030205,包装5S线,MT0010010082,飞天53%vol 500ml贵州茅台酒（带杯）（1×6）,pack05,包装5班,55000,55000,2329225,100.00%,否,正常生产
2025-10-17,早班,3,Friday,030205,包装5S线,MT0010010082,飞天53%vol 500ml贵州茅台酒（带杯）（1×6）,pack11,包装11班,55000,55000,2384225,100.00%,否,正常生产
2025-10-17,早班,3,Friday,030206,包装6号线,MT0010010395,飞天53%vol 500ml贵州茅台酒（出口酒·编号0743）（带杯）（1×12）,pack06,包装6班,35000,35000,35000,100.00%,否,正常生产
2025-10-17,早班,3,Friday,030206,包装6号线,MT0010010395,飞天53%vol 500ml贵州茅台酒（出口酒·编号0743）（带杯）（1×12）,pack13,包装13班,35000,35000,70000,100.00%,否,正常生产
2025-10-17,早班,3,Friday,030203,包装3号线,MT0050010014,飞天43%vol 500ml贵州茅台酒（带杯）（1×6）,pack17,包装17班,35000,35000,35000,100.00%,否,正常生产
2025-10-17,早班,3,Friday,030204,包装4号线,MT0010010787,53%vol 375ml贵州茅台酒（卡慕2013版）（1×12）,pack15,包装15班,14160,14160,14160,100.00%,否,正常生产
2025-10-17,早班,3,Friday,030207,包装7号线,MT0010010573,53%vol 475ml ×4贵州茅台酒（珍藏）（1×3）,pack17,包装17班,13000,13000,13000,100.00%,否,正常生产
2025-10-17,早班,3,Friday,030208,包装8号线,MT0010010082,飞天53%vol 500ml贵州茅台酒（带杯）（1×6）,pack09,包装9班,28000,28000,2412225,100.00%,否,正常生产
2025-10-17,早班,3,Friday,030208,包装8号线,MT0010010082,飞天53%vol 500ml贵州茅台酒（带杯）（1×6）,pack08,包装8班,28000,28000,2440225,100.00%,否,正常生产
2025-10-17,早班,3,Friday,030209,包装9号线,MT0010010082,飞天53%vol 500ml贵州茅台酒（带杯）（1×6）,pack19,包装19班,28000,28000,2468225,100.00%,否,正常生产
2025-10-17,早班,3,Friday,030209,包装9号线,MT0010010082,飞天53%vol 500ml贵州茅台酒（带杯）（1×6）,pack18,包装18班,28000,28000,2496225,100.00%,否,正常生产
2025-10-17,早班,3,Friday,030213,包装13号线,MT0020010004,53%vol 500ml贵州茅台酒（精品）（1×6）,pack16,包装16班,18000,18000,270000,100.00%,否,正常生产
2025-10-17,早班,3,Friday,030213,包装13号线,MT0020010004,53%vol 500ml贵州茅台酒（精品）（1×6）,pack12,包装12班,18000,18000,288000,100.00%,否,正常生产
2025-10-17,中班,3,Friday,030201,包装1号线,MT0010010082,飞天53%vol 500ml贵州茅台酒（带杯）（1×6）,pack10,包装10班,34000,34000,2530225,100.00%,否,正常生产
2025-10-17,中班,3,Friday,030201,包装1号线,MT0010010082,飞天53%vol 500ml贵州茅台酒（带杯）（1×6）,pack14,包装14班,34000,34000,2564225,100.00%,否,正常生产
2025-10-17,中班,3,Friday,030203,包装3号线,MT0050010014,飞天43%vol 500ml贵州茅台酒（带杯）（1×6）,pack07,包装7班,35000,35000,70000,100.00%,否,正常生产
2025-10-17,中班,3,Friday,030204,包装4号线,MT0010010788,53%vol 375ml贵州茅台酒（卡慕2018版）（1×12）,pack07,包装7班,14160,14160,14160,100.00%,否,正常生产
2025-10-17,中班,3,Friday,030207,包装7号线,MT0010010573,53%vol 475ml ×4贵州茅台酒（珍藏）（1×3）,pack07,包装7班,13000,12513,21130,96.25%,是,换产
2025-10-20,早班,4,Monday,030201,包装1号线,MT0010010082,飞天53%vol 500ml贵州茅台酒（带杯）（1×6）,pack01,包装1班,34000,34000,2602608,100.00%,否,正常生产
2025-10-20,早班,4,Monday,030201,包装1号线,MT0010010082,飞天53%vol 500ml贵州茅台酒（带杯）（1×6）,pack02,包装2班,34000,34000,2636608,100.00%,否,正常生产
2025-10-20,早班,4,Monday,030205,包装5S线,MT0010010082,飞天53%vol 500ml贵州茅台酒（带杯）（1×6）,pack05,包装5班,55000,55000,2691608,100.00%,否,正常生产
2025-10-20,早班,4,Monday,030205,包装5S线,MT0010010082,飞天53%vol 500ml贵州茅台酒（带杯）（1×6）,pack11,包装11班,55000,55000,2746608,100.00%,否,正常生产
2025-10-20,早班,4,Monday,030206,包装6号线,MT0010010395,飞天53%vol 500ml贵州茅台酒（出口酒·编号0743）（带杯）（1×12）,pack06,包装6班,35000,35000,105000,100.00%,否,正常生产
2025-10-20,早班,4,Monday,030206,包装6号线,MT0010010395,飞天53%vol 500ml贵州茅台酒（出口酒·编号0743）（带杯）（1×12）,pack13,包装13班,35000,35000,140000,100.00%,否,正常生产
2025-10-20,早班,4,Monday,030203,包装3号线,MT0050010014,飞天43%vol 500ml贵州茅台酒（带杯）（1×6）,pack17,包装17班,35000,35000,105000,100.00%,否,正常生产
2025-10-20,早班,4,Monday,030204,包装4号线,MT0010010789,53%vol 750ml贵州茅台酒（硬盒）（1×6）,pack15,包装15班,14000,14000,84000,100.00%,否,正常生产
2025-10-20,早班,4,Monday,030207,包装7号线,MT0010010082,飞天53%vol 500ml贵州茅台酒（带杯）（1×6）,pack17,包装17班,35000,35000,2781608,100.00%,否,正常生产
2025-10-20,早班,4,Monday,030208,包装8号线,MT0010010082,飞天53%vol 500ml贵州茅台酒（带杯）（1×6）,pack09,包装9班,28000,28000,2809608,100.00%,否,正常生产
2025-10-20,早班,4,Monday,030208,包装8号线,MT0010010082,飞天53%vol 500ml贵州茅台酒（带杯）（1×6）,pack08,包装8班,28000,28000,2837608,100.00%,否,正常生产
2025-10-20,早班,4,Monday,030209,包装9号线,MT0010010082,飞天53%vol 500ml贵州茅台酒（带杯）（1×6）,pack19,包装19班,28000,28000,2865608,100.00%,否,正常生产
2025-10-20,早班,4,Monday,030209,包装9号线,MT0010010082,飞天53%vol 500ml贵州茅台酒（带杯）（1×6）,pack18,包装18班,28000,28000,2893608,100.00%,否,正常生产
2025-10-20,早班,4,Monday,030213,包装13号线,MT0020010004,53%vol 500ml贵州茅台酒（精品）（1×6）,pack16,包装16班,18000,18000,306000,100.00%,否,正常生产
2025-10-20,早班,4,Monday,030213,包装13号线,MT0020010004,53%vol 500ml贵州茅台酒（精品）（1×6）,pack12,包装12班,18000,18000,324000,100.00%,否,正常生产
2025-10-20,中班,4,Monday,030201,包装1号线,MT0010010082,飞天53%vol 500ml贵州茅台酒（带杯）（1×6）,pack10,包装10班,34000,34000,2927608,100.00%,否,正常生产
2025-10-20,中班,4,Monday,030201,包装1号线,MT0010010082,飞天53%vol 500ml贵州茅台酒（带杯）（1×6）,pack14,包装14班,34000,34000,2961608,100.00%,否,正常生产
2025-10-20,中班,4,Monday,030203,包装3号线,MT0050010014,飞天43%vol 500ml贵州茅台酒（带杯）（1×6）,pack07,包装7班,35000,35000,140000,100.00%,否,正常生产
2025-10-20,中班,4,Monday,030204,包装4号线,MT0010010787,53%vol 375ml贵州茅台酒（卡慕2013版）（1×12）,pack07,包装7班,14160,14160,28320,100.00%,否,正常生产
2025-10-20,中班,4,Monday,030207,包装7号线,MT0010010082,飞天53%vol 500ml贵州茅台酒（带杯）（1×6）,pack07,包装7班,35000,35000,2996608,100.00%,否,正常生产
2025-10-21,早班,4,Tuesday,030201,包装1号线,MT0010010082,飞天53%vol 500ml贵州茅台酒（带杯）（1×6）,pack01,包装1班,34000,34000,3030608,100.00%,否,正常生产
2025-10-21,早班,4,Tuesday,030201,包装1号线,MT0010010082,飞天53%vol 500ml贵州茅台酒（带杯）（1×6）,pack02,包装2班,34000,34000,3064608,100.00%,否,正常生产
2025-10-21,早班,4,Tuesday,030205,包装5S线,MT0010010082,飞天53%vol 500ml贵州茅台酒（带杯）（1×6）,pack05,包装5班,55000,55000,3119608,100.00%,否,正常生产
2025-10-21,早班,4,Tuesday,030205,包装5S线,MT0010010082,飞天53%vol 500ml贵州茅台酒（带杯）（1×6）,pack11,包装11班,55000,55000,3174608,100.00%,否,正常生产
2025-10-21,早班,4,Tuesday,030206,包装6号线,MT0010010395,飞天53%vol 500ml贵州茅台酒（出口酒·编号0743）（带杯）（1×12）,pack06,包装6班,35000,35000,175000,100.00%,否,正常生产
2025-10-21,早班,4,Tuesday,030206,包装6号线,MT0010010395,飞天53%vol 500ml贵州茅台酒（出口酒·编号0743）（带杯）（1×12）,pack13,包装13班,35000,35000,210000,100.00%,否,正常生产
2025-10-21,早班,4,Tuesday,030203,包装3号线,MT0050010014,飞天43%vol 500ml贵州茅台酒（带杯）（1×6）,pack17,包装17班,35000,35000,175000,100.00%,否,正常生产
2025-10-21,早班,4,Tuesday,030204,包装4号线,MT0010010788,53%vol 375ml贵州茅台酒（卡慕2018版）（1×12）,pack15,包装15班,14160,14160,28320,100.00%,否,正常生产
2025-10-21,早班,4,Tuesday,030207,包装7号线,MT0010010082,飞天53%vol 500ml贵州茅台酒（带杯）（1×6）,pack17,包装17班,35000,35000,3209608,100.00%,否,正常生产
2025-10-21,早班,4,Tuesday,030208,包装8号线,MT0010010082,飞天53%vol 500ml贵州茅台酒（带杯）（1×6）,pack09,包装9班,28000,28000,3237608,100.00%,否,正常生产
2025-10-21,早班,4,Tuesday,030208,包装8号线,MT0010010082,飞天53%vol 500ml贵州茅台酒（带杯）（1×6）,pack08,包装8班,28000,28000,3265608,100.00%,否,正常生产
2025-10-21,早班,4,Tuesday,030209,包装9号线,MT0010010082,飞天53%vol 500ml贵州茅台酒（带杯）（1×6）,pack19,包装19班,28000,28000,3293608,100.00%,否,正常生产
2025-10-21,早班,4,Tuesday,030209,包装9号线,MT0010010082,飞天53%vol 500ml贵州茅台酒（带杯）（1×6）,pack18,包装18班,28000,28000,3321608,100.00%,否,正常生产
2025-10-21,早班,4,Tuesday,030213,包装13号线,MT0020010004,53%vol 500ml贵州茅台酒（精品）（1×6）,pack16,包装16班,18000,18000,342000,100.00%,否,正常生产
2025-10-21,早班,4,Tuesday,030213,包装13号线,MT0020010004,53%vol 500ml贵州茅台酒（精品）（1×6）,pack12,包装12班,18000,18000,360000,100.00%,否,正常生产
2025-10-21,中班,4,Tuesday,030201,包装1号线,MT0010010082,飞天53%vol 500ml贵州茅台酒（带杯）（1×6）,pack10,包装10班,34000,34000,3355608,100.00%,否,正常生产
2025-10-21,中班,4,Tuesday,030201,包装1号线,MT0010010082,飞天53%vol 500ml贵州茅台酒（带杯）（1×6）,pack14,包装14班,34000,34000,3389608,100.00%,否,正常生产
2025-10-21,中班,4,Tuesday,030203,包装3号线,MT0050010014,飞天43%vol 500ml贵州茅台酒（带杯）（1×6）,pack07,包装7班,35000,35000,210000,100.00%,否,正常生产
2025-10-21,中班,4,Tuesday,030204,包装4号线,MT0010010789,53%vol 750ml贵州茅台酒（硬盒）（1×6）,pack07,包装7班,14000,14000,98000,100.00%,否,正常生产
2025-10-21,中班,4,Tuesday,030207,包装7号线,MT0010010082,飞天53%vol 500ml贵州茅台酒（带杯）（1×6）,pack07,包装7班,35000,35000,3424608,100.00%,否,正常生产
2025-10-22,早班,4,Wednesday,030201,包装1号线,MT0010010082,飞天53%vol 500ml贵州茅台酒（带杯）（1×6）,pack01,包装1班,34000,34000,3458608,100.00%,否,正常生产
2025-10-22,早班,4,Wednesday,030201,包装1号线,MT0010010082,飞天53%vol 500ml贵州茅台酒（带杯）（1×6）,pack02,包装2班,34000,34000,3492608,100.00%,否,正常生产
2025-10-22,早班,4,Wednesday,030205,包装5S线,MT0010010082,飞天53%vol 500ml贵州茅台酒（带杯）（1×6）,pack05,包装5班,55000,55000,3547608,100.00%,否,正常生产
2025-10-22,早班,4,Wednesday,030205,包装5S线,MT0010010082,飞天53%vol 500ml贵州茅台酒（带杯）（1×6）,pack11,包装11班,55000,55000,3602608,100.00%,否,正常生产
2025-10-22,早班,4,Wednesday,030206,包装6号线,MT0010010395,飞天53%vol 500ml贵州茅台酒（出口酒·编号0743）（带杯）（1×12）,pack06,包装6班,35000,35000,245000,100.00%,否,正常生产
2025-10-22,早班,4,Wednesday,030206,包装6号线,MT0010010395,飞天53%vol 500ml贵州茅台酒（出口酒·编号0743）（带杯）（1×12）,pack13,包装13班,35000,35000,280000,100.00%,否,正常生产
2025-10-22,早班,4,Wednesday,030203,包装3号线,MT0050010014,飞天43%vol 500ml贵州茅台酒（带杯）（1×6）,pack17,包装17班,35000,35000,245000,100.00%,否,正常生产
2025-10-22,早班,4,Wednesday,030204,包装4号线,MT0050010012,43%vol 1L 贵州茅台酒（礼盒）（1×6）,pack15,包装15班,12744,12744,12744,100.00%,否,正常生产
2025-10-22,早班,4,Wednesday,030207,包装7号线,MT0010010082,飞天53%vol 500ml贵州茅台酒（带杯）（1×6）,pack17,包装17班,35000,35000,3637608,100.00%,否,正常生产
2025-10-22,早班,4,Wednesday,030208,包装8号线,MT0010010082,飞天53%vol 500ml贵州茅台酒（带杯）（1×6）,pack09,包装9班,28000,28000,3665608,100.00%,否,正常生产
2025-10-22,早班,4,Wednesday,030208,包装8号线,MT0010010082,飞天53%vol 500ml贵州茅台酒（带杯）（1×6）,pack08,包装8班,28000,28000,3693608,100.00%,否,正常生产
2025-10-22,早班,4,Wednesday,030209,包装9号线,MT0010010082,飞天53%vol 500ml贵州茅台酒（带杯）（1×6）,pack19,包装19班,28000,28000,3721608,100.00%,否,正常生产
2025-10-22,早班,4,Wednesday,030209,包装9号线,MT0010010082,飞天53%vol 500ml贵州茅台酒（带杯）（1×6）,pack18,包装18班,28000,28000,3749608,100.00%,否,正常生产
2025-10-22,早班,4,Wednesday,030213,包装13号线,MT0020010004,53%vol 500ml贵州茅台酒（精品）（1×6）,pack16,包装16班,18000,18000,378000,100.00%,否,正常生产
2025-10-22,早班,4,Wednesday,030213,包装13号线,MT0020010004,53%vol 500ml贵州茅台酒（精品）（1×6）,pack12,包装12班,18000,18000,396000,100.00%,否,正常生产
2025-10-22,中班,4,Wednesday,030201,包装1号线,MT0010010082,飞天53%vol 500ml贵州茅台酒（带杯）（1×6）,pack10,包装10班,34000,34000,3783608,100.00%,否,正常生产
2025-10-22,中班,4,Wednesday,030201,包装1号线,MT0010010082,飞天53%vol 500ml贵州茅台酒（带杯）（1×6）,pack14,包装14班,34000,34000,3817608,100.00%,否,正常生产
2025-10-22,中班,4,Wednesday,030203,包装3号线,MT0050010014,飞天43%vol 500ml贵州茅台酒（带杯）（1×6）,pack07,包装7班,35000,35000,280000,100.00%,否,正常生产
2025-10-22,中班,4,Wednesday,030204,包装4号线,MT0010010747,53%vol 350ml贵州茅台酒（走进·英国）（1×6）,pack07,包装7班,15200,9893,9193,65.09%,是,换产
2025-10-22,中班,4,Wednesday,030207,包装7号线,MT0010010082,飞天53%vol 500ml贵州茅台酒（带杯）（1×6）,pack07,包装7班,35000,35000,3852608,100.00%,否,正常生产
2025-10-23,早班,4,Thursday,030201,包装1号线,MT0010010082,飞天53%vol 500ml贵州茅台酒（带杯）（1×6）,pack01,包装1班,34000,34000,3886608,100.00%,否,正常生产
2025-10-23,早班,4,Thursday,030201,包装1号线,MT0010010082,飞天53%vol 500ml贵州茅台酒（带杯）（1×6）,pack02,包装2班,34000,34000,3920608,100.00%,否,正常生产
2025-10-23,早班,4,Thursday,030205,包装5S线,MT0010010082,飞天53%vol 500ml贵州茅台酒（带杯）（1×6）,pack05,包装5班,55000,55000,3975608,100.00%,否,正常生产
2025-10-23,早班,4,Thursday,030205,包装5S线,MT0010010082,飞天53%vol 500ml贵州茅台酒（带杯）（1×6）,pack11,包装11班,55000,55000,4030608,100.00%,否,正常生产
2025-10-23,早班,4,Thursday,030206,包装6号线,MT0010010395,飞天53%vol 500ml贵州茅台酒（出口酒·编号0743）（带杯）（1×12）,pack06,包装6班,35000,35000,315000,100.00%,否,正常生产
2025-10-23,早班,4,Thursday,030206,包装6号线,MT0010010395,飞天53%vol 500ml贵州茅台酒（出口酒·编号0743）（带杯）（1×12）,pack13,包装13班,35000,34992,349992,99.98%,否,正常生产
2025-10-23,早班,4,Thursday,030203,包装3号线,MT0050010014,飞天43%vol 500ml贵州茅台酒（带杯）（1×6）,pack17,包装17班,35000,35000,315000,100.00%,否,正常生产
2025-10-23,早班,4,Thursday,030207,包装7号线,MT0010010082,飞天53%vol 500ml贵州茅台酒（带杯）（1×6）,pack17,包装17班,35000,35000,4065608,100.00%,否,正常生产
2025-10-23,早班,4,Thursday,030208,包装8号线,MT0010010082,飞天53%vol 500ml贵州茅台酒（带杯）（1×6）,pack09,包装9班,28000,28000,4093608,100.00%,否,正常生产
2025-10-23,早班,4,Thursday,030208,包装8号线,MT0010010082,飞天53%vol 500ml贵州茅台酒（带杯）（1×6）,pack08,包装8班,28000,28000,4121608,100.00%,否,正常生产
2025-10-23,早班,4,Thursday,030209,包装9号线,MT0010010082,飞天53%vol 500ml贵州茅台酒（带杯）（1×6）,pack19,包装19班,28000,28000,4149608,100.00%,否,正常生产
2025-10-23,早班,4,Thursday,030209,包装9号线,MT0010010082,飞天53%vol 500ml贵州茅台酒（带杯）（1×6）,pack18,包装18班,28000,28000,4177608,100.00%,否,正常生产
2025-10-23,早班,4,Thursday,030213,包装13号线,MT0020010004,53%vol 500ml贵州茅台酒（精品）（1×6）,pack16,包装16班,18000,18000,414000,100.00%,否,正常生产
2025-10-23,早班,4,Thursday,030213,包装13号线,MT0020010004,53%vol 500ml贵州茅台酒（精品）（1×6）,pack12,包装12班,18000,18000,432000,100.00%,否,正常生产
2025-10-23,中班,4,Thursday,030201,包装1号线,MT0010010082,飞天53%vol 500ml贵州茅台酒（带杯）（1×6）,pack10,包装10班,34000,34000,4211608,100.00%,否,正常生产
2025-10-23,中班,4,Thursday,030201,包装1号线,MT0010010082,飞天53%vol 500ml贵州茅台酒（带杯）（1×6）,pack14,包装14班,34000,34000,4245608,100.00%,否,正常生产
2025-10-23,中班,4,Thursday,030203,包装3号线,MT0050010014,飞天43%vol 500ml贵州茅台酒（带杯）（1×6）,pack15,包装15班,35000,35000,350000,100.00%,否,正常生产
2025-10-23,中班,4,Thursday,030207,包装7号线,MT0010010082,飞天53%vol 500ml贵州茅台酒（带杯）（1×6）,pack15,包装15班,35000,35000,4280608,100.00%,否,正常生产
2025-10-24,早班,4,Friday,030201,包装1号线,MT0010010082,飞天53%vol 500ml贵州茅台酒（带杯）（1×6）,pack01,包装1班,34000,34000,4314608,100.00%,否,正常生产
2025-10-24,早班,4,Friday,030201,包装1号线,MT0010010082,飞天53%vol 500ml贵州茅台酒（带杯）（1×6）,pack02,包装2班,34000,34000,4348608,100.00%,否,正常生产
2025-10-24,早班,4,Friday,030205,包装5S线,MT0010010082,飞天53%vol 500ml贵州茅台酒（带杯）（1×6）,pack05,包装5班,55000,55000,4403608,100.00%,否,正常生产
2025-10-24,早班,4,Friday,030205,包装5S线,MT0010010082,飞天53%vol 500ml贵州茅台酒（带杯）（1×6）,pack11,包装11班,55000,55000,4458608,100.00%,否,正常生产
2025-10-24,早班,4,Friday,030206,包装6号线,MT0010010082,飞天53%vol 500ml贵州茅台酒（带杯）（1×6）,pack06,包装6班,35000,35000,4493608,100.00%,否,正常生产
2025-10-24,早班,4,Friday,030206,包装6号线,MT0010010082,飞天53%vol 500ml贵州茅台酒（带杯）（1×6）,pack13,包装13班,35000,35000,4528608,100.00%,否,正常生产
2025-10-24,早班,4,Friday,030203,包装3号线,MT0050010014,飞天43%vol 500ml贵州茅台酒（带杯）（1×6）,pack17,包装17班,35000,35000,385000,100.00%,否,正常生产
2025-10-24,早班,4,Friday,030207,包装7号线,MT0010010082,飞天53%vol 500ml贵州茅台酒（带杯）（1×6）,pack17,包装17班,35000,35000,4563608,100.00%,否,正常生产
2025-10-24,早班,4,Friday,030208,包装8号线,MT0010010082,飞天53%vol 500ml贵州茅台酒（带杯）（1×6）,pack09,包装9班,28000,28000,4591608,100.00%,否,正常生产
2025-10-24,早班,4,Friday,030208,包装8号线,MT0010010082,飞天53%vol 500ml贵州茅台酒（带杯）（1×6）,pack08,包装8班,28000,28000,4619608,100.00%,否,正常生产
2025-10-24,早班,4,Friday,030209,包装9号线,MT0010010082,飞天53%vol 500ml贵州茅台酒（带杯）（1×6）,pack19,包装19班,28000,28000,4647608,100.00%,否,正常生产
2025-10-24,早班,4,Friday,030209,包装9号线,MT0010010082,飞天53%vol 500ml贵州茅台酒（带杯）（1×6）,pack18,包装18班,28000,28000,4675608,100.00%,否,正常生产
2025-10-24,早班,4,Friday,030213,包装13号线,MT0020010004,53%vol 500ml贵州茅台酒（精品）（1×6）,pack16,包装16班,18000,18000,450000,100.00%,否,正常生产
2025-10-24,早班,4,Friday,030213,包装13号线,MT0020010004,53%vol 500ml贵州茅台酒（精品）（1×6）,pack12,包装12班,18000,18000,468000,100.00%,否,正常生产
2025-10-24,中班,4,Friday,030201,包装1号线,MT0010010082,飞天53%vol 500ml贵州茅台酒（带杯）（1×6）,pack10,包装10班,34000,34000,4709608,100.00%,否,正常生产
2025-10-24,中班,4,Friday,030201,包装1号线,MT0010010082,飞天53%vol 500ml贵州茅台酒（带杯）（1×6）,pack14,包装14班,34000,34000,4743608,100.00%,否,正常生产
2025-10-24,中班,4,Friday,030203,包装3号线,MT0050010014,飞天43%vol 500ml贵州茅台酒（带杯）（1×6）,pack15,包装15班,35000,35000,420000,100.00%,否,正常生产
2025-10-24,中班,4,Friday,030207,包装7号线,MT0010010082,飞天53%vol 500ml贵州茅台酒（带杯）（1×6）,pack15,包装15班,35000,35000,4778608,100.00%,否,正常生产
2025-10-27,早班,5,Monday,030201,包装1号线,MT0010010082,飞天53%vol 500ml贵州茅台酒（带杯）（1×6）,pack01,包装1班,34000,34000,4812608,100.00%,否,正常生产
2025-10-27,早班,5,Monday,030201,包装1号线,MT0010010082,飞天53%vol 500ml贵州茅台酒（带杯）（1×6）,pack02,包装2班,34000,34000,4846608,100.00%,否,正常生产
2025-10-27,早班,5,Monday,030205,包装5S线,MT0010010082,飞天53%vol 500ml贵州茅台酒（带杯）（1×6）,pack05,包装5班,55000,55000,4901608,100.00%,否,正常生产
2025-10-27,早班,5,Monday,030205,包装5S线,MT0010010082,飞天53%vol 500ml贵州茅台酒（带杯）（1×6）,pack11,包装11班,55000,55000,4956608,100.00%,否,正常生产
2025-10-27,早班,5,Monday,030206,包装6号线,MT0010010082,飞天53%vol 500ml贵州茅台酒（带杯）（1×6）,pack06,包装6班,35000,35000,4991608,100.00%,否,正常生产
2025-10-27,早班,5,Monday,030206,包装6号线,MT0010010082,飞天53%vol 500ml贵州茅台酒（带杯）（1×6）,pack13,包装13班,35000,35000,5026608,100.00%,否,正常生产
2025-10-27,早班,5,Monday,030203,包装3号线,MT0050010014,飞天43%vol 500ml贵州茅台酒（带杯）（1×6）,pack17,包装17班,35000,35000,455000,100.00%,否,正常生产
2025-10-27,早班,5,Monday,030207,包装7号线,MT0010010082,飞天53%vol 500ml贵州茅台酒（带杯）（1×6）,pack17,包装17班,35000,35000,5061608,100.00%,否,正常生产
2025-10-27,早班,5,Monday,030208,包装8号线,MT0010010082,飞天53%vol 500ml贵州茅台酒（带杯）（1×6）,pack09,包装9班,28000,28000,5089608,100.00%,否,正常生产
2025-10-27,早班,5,Monday,030208,包装8号线,MT0010010082,飞天53%vol 500ml贵州茅台酒（带杯）（1×6）,pack08,包装8班,28000,28000,5117608,100.00%,否,正常生产
2025-10-27,早班,5,Monday,030209,包装9号线,MT0010010082,飞天53%vol 500ml贵州茅台酒（带杯）（1×6）,pack19,包装19班,28000,28000,5145608,100.00%,否,正常生产
2025-10-27,早班,5,Monday,030209,包装9号线,MT0010010082,飞天53%vol 500ml贵州茅台酒（带杯）（1×6）,pack18,包装18班,28000,28000,5173608,100.00%,否,正常生产
2025-10-27,早班,5,Monday,030213,包装13号线,MT0020010004,53%vol 500ml贵州茅台酒（精品）（1×6）,pack16,包装16班,18000,18000,486000,100.00%,否,正常生产
2025-10-27,早班,5,Monday,030213,包装13号线,MT0020010004,53%vol 500ml贵州茅台酒（精品）（1×6）,pack12,包装12班,18000,18000,504000,100.00%,否,正常生产
2025-10-27,中班,5,Monday,030201,包装1号线,MT0010010082,飞天53%vol 500ml贵州茅台酒（带杯）（1×6）,pack10,包装10班,34000,34000,5207608,100.00%,否,正常生产
2025-10-27,中班,5,Monday,030201,包装1号线,MT0010010082,飞天53%vol 500ml贵州茅台酒（带杯）（1×6）,pack14,包装14班,34000,34000,5241608,100.00%,否,正常生产
2025-10-27,中班,5,Monday,030203,包装3号线,MT0050010014,飞天43%vol 500ml贵州茅台酒（带杯）（1×6）,pack15,包装15班,35000,35000,490000,100.00%,否,正常生产
2025-10-27,中班,5,Monday,030207,包装7号线,MT0010010082,飞天53%vol 500ml贵州茅台酒（带杯）（1×6）,pack15,包装15班,35000,35000,5276608,100.00%,否,正常生产
2025-10-28,早班,5,Tuesday,030201,包装1号线,MT0010010082,飞天53%vol 500ml贵州茅台酒（带杯）（1×6）,pack01,包装1班,34000,34000,5310608,100.00%,否,正常生产
2025-10-28,早班,5,Tuesday,030201,包装1号线,MT0010010082,飞天53%vol 500ml贵州茅台酒（带杯）（1×6）,pack02,包装2班,34000,34000,5344608,100.00%,否,正常生产
2025-10-28,早班,5,Tuesday,030205,包装5S线,MT0010010082,飞天53%vol 500ml贵州茅台酒（带杯）（1×6）,pack05,包装5班,55000,55000,5399608,100.00%,否,正常生产
2025-10-28,早班,5,Tuesday,030205,包装5S线,MT0010010082,飞天53%vol 500ml贵州茅台酒（带杯）（1×6）,pack11,包装11班,55000,55000,5454608,100.00%,否,正常生产
2025-10-28,早班,5,Tuesday,030203,包装3号线,MT0050010014,飞天43%vol 500ml贵州茅台酒（带杯）（1×6）,pack17,包装17班,35000,35000,525000,100.00%,否,正常生产
2025-10-28,早班,5,Tuesday,030208,包装8号线,MT0020010004,53%vol 500ml贵州茅台酒（精品）（1×6）,pack09,包装9班,18000,18000,522000,100.00%,否,正常生产
2025-10-28,早班,5,Tuesday,030208,包装8号线,MT0020010004,53%vol 500ml贵州茅台酒（精品）（1×6）,pack08,包装8班,18000,18000,540000,100.00%,否,正常生产
2025-10-28,早班,5,Tuesday,030213,包装13号线,MT0020010004,53%vol 500ml贵州茅台酒（精品）（1×6）,pack16,包装16班,18000,18000,558000,100.00%,否,正常生产
2025-10-28,早班,5,Tuesday,030213,包装13号线,MT0020010004,53%vol 500ml贵州茅台酒（精品）（1×6）,pack12,包装12班,18000,18000,576000,100.00%,否,正常生产
2025-10-28,中班,5,Tuesday,030203,包装3号线,MT0050010014,飞天43%vol 500ml贵州茅台酒（带杯）（1×6）,pack15,包装15班,35000,34992,559992,99.98%,否,正常生产
2025-10-29,早班,5,Wednesday,030208,包装8号线,MT0020010004,53%vol 500ml贵州茅台酒（精品）（1×6）,pack09,包装9班,18000,18000,594000,100.00%,否,正常生产
2025-10-29,早班,5,Wednesday,030208,包装8号线,MT0020010004,53%vol 500ml贵州茅台酒（精品）（1×6）,pack08,包装8班,18000,18000,612000,100.00%,否,正常生产
2025-10-29,早班,5,Wednesday,030213,包装13号线,MT0020010004,53%vol 500ml贵州茅台酒（精品）（1×6）,pack16,包装16班,18000,18000,630000,100.00%,否,正常生产
2025-10-29,早班,5,Wednesday,030213,包装13号线,MT0020010004,53%vol 500ml贵州茅台酒（精品）（1×6）,pack12,包装12班,18000,18000,648000,100.00%,否,正常生产
2025-10-30,早班,5,Thursday,030208,包装8号线,MT0020010004,53%vol 500ml贵州茅台酒（精品）（1×6）,pack09,包装9班,18000,18000,666000,100.00%,否,正常生产
2025-10-30,早班,5,Thursday,030208,包装8号线,MT0020010004,53%vol 500ml贵州茅台酒（精品）（1×6）,pack08,包装8班,18000,18000,684000,100.00%,否,正常生产
2025-10-30,早班,5,Thursday,030213,包装13号线,MT0020010004,53%vol 500ml贵州茅台酒（精品）（1×6）,pack16,包装16班,18000,18000,702000,100.00%,否,正常生产
2025-10-30,早班,5,Thursday,030213,包装13号线,MT0020010004,53%vol 500ml贵州茅台酒（精品）（1×6）,pack12,包装12班,18000,18000,720000,100.00%,否,正常生产
2025-10-31,早班,5,Friday,030208,包装8号线,MT0020010004,53%vol 500ml贵州茅台酒（精品）（1×6）,pack09,包装9班,18000,18000,738000,100.00%,否,正常生产
2025-10-31,早班,5,Friday,030208,包装8号线,MT0020010004,53%vol 500ml贵州茅台酒（精品）（1×6）,pack08,包装8班,18000,18000,756000,100.00%,否,正常生产
2025-10-31,早班,5,Friday,030213,包装13号线,MT0020010004,53%vol 500ml贵州茅台酒（精品）（1×6）,pack16,包装16班,18000,18000,774000,100.00%,否,正常生产
2025-10-31,早班,5,Friday,030213,包装13号线,MT0020010004,53%vol 500ml贵州茅台酒（精品）（1×6）,pack12,包装12班,18000,18000,792000,100.00%,否,正常生产
